INSERT INTO `users` (`password`, `roles`, `username`) VALUES ('$2a$10$DBc2FPq.4XperQMRTGpYnufwdTFxFCJtRZj1zsX.7vFo9YVe9rCyW', 'User', 'diego');
INSERT INTO `evidences` (`id`, `name`) VALUES (1, 'EMF Level 5'), (2, 'Spirit Box'), (3, 'Fingerprints'), (4, 'Ghost Orbs'), (5, 'Ghost Writing'), (6, 'Freezing Temperatures'), (7, 'D.O.T.S Projector');
INSERT INTO `ghosts` (`id`, `name`, `description`) VALUES (1, 'Spirit', 'A very common type of ghost known for its lack of unique abilities.'), (2, 'Wraith', 'A ghost that is afraid of salt and has the ability to fly.'), (3, 'Phantom', 'A ghost that can possess the living, inducing fear.'), (4, 'Poltergeist', 'A noisy ghost that manipulates objects to cause fear.'), (5, 'Banshee', 'A natural hunter that will single out its prey one at a time.'), (6, 'Jinn', 'A territorial ghost that becomes more aggressive when threatened.'), (7, 'Mare', 'The source of all nightmares, stronger in the dark.'), (8, 'Revenant', 'A violent ghost that travels at a significantly high speed.'), (9, 'Shade', 'A shy ghost that is harder to detect.'), (10, 'Demon', 'An aggressive ghost known for its attack frequency.'), (11, 'Yurei', 'A ghost that has a stronger impact on people\'s sanity.'), (12, 'Oni', 'A powerful ghost known for its extreme strength.'), (13, 'Hantu', 'A ghost that thrives in colder climates.'), (14, 'Yokai', 'A ghost attracted to human voices.'), (15, 'Goryo', 'A ghost rarely seen far from its place of death.'), (16, 'Myling', 'A ghost that is known for being very quiet when hunting.'), (17, 'Onryo', 'A ghost known as the wrathful spirit that steals souls.'), (18, 'The Twins', 'A ghost that mimics the actions of its twin.'), (19, 'Raiju', 'A ghost that disrupts electronics.'), (20, 'Obake', 'A ghost that can shapeshift.'), (21, 'The Mimic', 'A ghost that mimics the traits of other ghosts.'), (22, 'Moroi', 'A ghost that weakens people by draining their energy.'), (23, 'Deogen', 'A ghost that reveals itself to people when hunted.'), (24, 'Thaye', 'A ghost that becomes weaker as time passes.');
INSERT INTO `ghosts_evidence` (`ghost_id`, `evidence_id`) VALUES (1, 1), (1, 3), (1, 5), (2, 1), (2, 2), (2, 7), (3, 2), (3, 4), (3, 7), (4, 2), (4, 3), (4, 5), (5, 3), (5, 4), (5, 7), (6, 1), (6, 6), (6, 7), (7, 2), (7, 4), (7, 6), (8, 4), (8, 5), (8, 6), (9, 1), (9, 5), (9, 6), (10, 3), (10, 5), (10, 6), (11, 4), (11, 6), (11, 7), (12, 1), (12, 6), (12, 7), (13, 3), (13, 4), (13, 6), (14, 2), (14, 4), (14, 7), (15, 1), (15, 3), (15, 7), (16, 1), (16, 3), (16, 5), (17, 2), (17, 4), (17, 6), (18, 1), (18, 2), (18, 6), (19, 1), (19, 4), (19, 7), (20, 1), (20, 3), (20, 4), (21, 3), (21, 4), (21, 6), (22, 2), (22, 5), (22, 6), (23, 2), (23, 5), (23, 7), (24, 4), (24, 5), (24, 7);